user_id,signup_date,email,country,marketing_channel
1,2025-11-12,bwillis@example.org,Oman,Social Media
2,2024-05-10,michelleferguson@example.org,Mauritania,Referral
3,2024-01-12,robert19@example.org,French Southern Territories,Referral
4,2025-11-01,brian02@example.net,Nicaragua,Referral
5,2025-05-03,bakermark@example.org,Togo,Social Media
6,2024-12-19,psilva@example.org,Bahamas,Social Media
7,2024-02-24,sstewart@example.com,Ukraine,Email
8,2025-01-25,gwendolynchambers@example.org,United Arab Emirates,Google Ads
9,2025-10-23,brad39@example.org,Ethiopia,Google Ads
10,2024-03-10,gallegoslindsay@example.org,Guyana,Email
11,2025-10-26,thompsonerica@example.net,Romania,Referral
12,2025-10-17,stacey32@example.com,Madagascar,Email
13,2023-12-06,genemendez@example.com,United States Minor Outlying Islands,Email
14,2025-08-06,ralvarez@example.net,Seychelles,Email
15,2025-07-02,travis98@example.com,Angola,Email
16,2024-11-15,petermartinez@example.net,Honduras,Email
17,2024-03-13,deleonkenneth@example.net,Armenia,Google Ads
18,2025-03-13,tonymiller@example.net,French Guiana,Social Media
19,2025-08-15,brandijones@example.org,Greenland,Referral
20,2025-01-30,ashley65@example.net,Cape Verde,Email
21,2024-10-12,ismith@example.com,Mali,Social Media
22,2024-04-05,wellstammy@example.com,Switzerland,Email
23,2024-04-01,bwilson@example.net,Montenegro,Email
24,2024-09-18,newtonbarry@example.net,Cape Verde,Google Ads
25,2025-10-14,holly35@example.net,Lebanon,Social Media
26,2025-06-06,xmunoz@example.net,Hungary,Social Media
27,2024-06-24,vchan@example.com,United States of America,Email
28,2024-03-10,pblair@example.net,Guernsey,Google Ads
29,2024-01-11,wandadalton@example.com,Bangladesh,Referral
30,2024-06-29,fosterraymond@example.net,Lebanon,Email
31,2024-04-15,michael54@example.com,Slovakia (Slovak Republic),Social Media
32,2024-12-13,pamela93@example.net,Paraguay,Google Ads
33,2025-06-12,tbooth@example.net,Dominica,Social Media
34,2024-02-09,heather01@example.net,Tokelau,Google Ads
35,2024-10-18,samanthamay@example.net,Oman,Google Ads
36,2024-08-14,traciryan@example.org,Cape Verde,Google Ads
37,2025-06-01,emurphy@example.com,Saudi Arabia,Social Media
38,2024-05-08,taylorcraig@example.com,Iceland,Email
39,2024-02-19,julie43@example.org,Finland,Referral
40,2024-10-28,brandon93@example.org,Slovenia,Referral
41,2025-08-29,rodriguezderek@example.com,Saint Lucia,Email
42,2024-03-25,jenniferleon@example.org,Benin,Social Media
43,2023-12-13,anthonyhayden@example.com,Falkland Islands (Malvinas),Referral
44,2024-08-28,arellanojennifer@example.org,Romania,Google Ads
45,2024-11-01,vaustin@example.com,Djibouti,Social Media
46,2025-02-09,edwardnewton@example.org,Lesotho,Social Media
47,2024-04-04,mendezbryan@example.org,Greece,Social Media
48,2025-09-10,stacy01@example.net,New Caledonia,Social Media
49,2024-12-11,dvega@example.com,Taiwan,Email
50,2025-10-29,kimberly65@example.com,Somalia,Google Ads
51,2025-06-03,jessicatownsend@example.org,Kenya,Referral
52,2023-12-26,andersonvictor@example.org,Tonga,Social Media
53,2024-05-20,bautistarobert@example.org,Mali,Google Ads
54,2025-06-05,donnajohnson@example.org,Cambodia,Google Ads
55,2024-06-21,leslie66@example.net,Slovenia,Email
56,2025-06-26,james19@example.net,Iraq,Social Media
57,2024-05-25,samanthabennett@example.com,Gabon,Google Ads
58,2025-06-07,peckandrew@example.com,Saint Barthelemy,Referral
59,2023-12-18,ochavez@example.org,Guadeloupe,Google Ads
60,2024-10-15,ryan31@example.org,Cocos (Keeling) Islands,Referral
61,2024-06-16,brittneyprice@example.net,Norfolk Island,Referral
62,2025-06-11,jbrooks@example.org,Nigeria,Referral
63,2025-07-29,daniel05@example.org,Serbia,Social Media
64,2025-07-25,aharmon@example.org,Malta,Social Media
65,2025-02-22,bowenkaren@example.com,Comoros,Google Ads
66,2023-12-07,williamwilliams@example.org,Equatorial Guinea,Referral
67,2025-05-20,brandon81@example.net,Mongolia,Google Ads
68,2024-08-03,frances17@example.net,Switzerland,Referral
69,2025-04-25,susanhancock@example.net,Mongolia,Google Ads
70,2024-08-05,ujohnson@example.net,Singapore,Email
71,2024-09-12,staceypeters@example.org,Isle of Man,Google Ads
72,2024-12-17,greenemariah@example.org,Switzerland,Email
73,2025-07-19,jessica63@example.com,Saudi Arabia,Referral
74,2023-12-14,angelicalee@example.org,Antigua and Barbuda,Email
75,2024-01-26,kennedycourtney@example.org,Tokelau,Social Media
76,2025-05-22,palexander@example.net,Christmas Island,Email
77,2024-07-29,graymichael@example.com,Iran,Referral
78,2025-01-22,raymond34@example.net,Libyan Arab Jamahiriya,Social Media
79,2024-08-16,mweber@example.net,Germany,Google Ads
80,2024-06-28,campbellaaron@example.com,Taiwan,Social Media
81,2025-02-12,dsmith@example.net,Kiribati,Referral
82,2025-09-28,patriciadunn@example.org,Northern Mariana Islands,Referral
83,2024-12-30,kyle13@example.org,Czech Republic,Social Media
84,2024-06-19,kellyturner@example.com,Monaco,Social Media
85,2024-10-13,michaelperkins@example.com,Guatemala,Social Media
86,2024-04-10,pkhan@example.net,Chile,Email
87,2024-10-20,dmcmillan@example.com,Korea,Email
88,2025-11-21,tylerberger@example.com,Palestinian Territory,Referral
89,2025-03-26,qking@example.net,Israel,Google Ads
90,2024-04-24,patrick70@example.com,Egypt,Email
91,2025-07-11,karen35@example.com,Liechtenstein,Social Media
92,2025-08-04,tammyscott@example.net,Georgia,Referral
93,2025-04-29,aaroncoleman@example.org,Kazakhstan,Referral
94,2024-10-01,amysmith@example.net,Israel,Email
95,2024-02-08,jacob18@example.net,Christmas Island,Email
96,2024-05-05,karcher@example.org,Kyrgyz Republic,Referral
97,2023-12-12,kristin36@example.org,Qatar,Google Ads
98,2023-12-04,kayla34@example.net,Serbia,Email
99,2025-01-12,douglaswesley@example.org,Gabon,Google Ads
100,2025-10-20,kimberly88@example.com,Belgium,Google Ads
101,2025-06-01,hblack@example.net,Ghana,Referral
102,2024-04-04,porterjasmine@example.com,Anguilla,Google Ads
103,2024-02-20,xnoble@example.com,Faroe Islands,Google Ads
104,2024-07-02,wayneturner@example.org,Portugal,Referral
105,2025-06-30,silvatroy@example.org,South Africa,Social Media
106,2025-04-22,richard56@example.net,Gibraltar,Email
107,2024-12-26,suzanne04@example.net,Guinea,Referral
108,2025-04-12,gperez@example.net,Guadeloupe,Email
109,2025-01-07,carrierogers@example.net,Comoros,Social Media
110,2025-07-22,gwhite@example.net,Gambia,Social Media
111,2025-06-27,gregorycontreras@example.com,Guinea-Bissau,Referral
112,2024-11-01,caroline49@example.com,Central African Republic,Google Ads
113,2024-10-04,badams@example.net,Vanuatu,Social Media
114,2025-09-02,elizabethbauer@example.org,Heard Island and McDonald Islands,Google Ads
115,2024-01-30,terri35@example.net,Zambia,Social Media
116,2024-09-18,kdavis@example.com,Cote d'Ivoire,Referral
117,2025-10-14,jack71@example.org,Cyprus,Google Ads
118,2024-03-12,stewartalyssa@example.com,Micronesia,Email
119,2025-08-05,zmartinez@example.net,Sri Lanka,Email
120,2024-08-14,thompsoncollin@example.net,Tunisia,Social Media
121,2025-11-05,idickerson@example.org,Zimbabwe,Email
122,2025-05-26,cwilliamson@example.net,Spain,Referral
123,2025-07-15,william79@example.org,Fiji,Google Ads
124,2025-05-27,cgonzalez@example.org,Guinea,Email
125,2025-06-08,twells@example.org,Paraguay,Email
126,2025-02-28,xholden@example.net,Vanuatu,Social Media
127,2024-08-12,qhudson@example.org,Kenya,Google Ads
128,2023-12-28,danieljohnson@example.net,Mauritius,Google Ads
129,2024-04-30,maddoxallen@example.net,Mozambique,Social Media
130,2025-08-03,sierrasalazar@example.net,Kiribati,Social Media
131,2024-08-28,kimberlybauer@example.org,Cuba,Google Ads
132,2024-08-24,garciagabrielle@example.net,Saint Helena,Google Ads
133,2024-11-01,tranjonathan@example.com,Greenland,Google Ads
134,2025-10-13,joshua81@example.org,Italy,Google Ads
135,2024-01-19,bellbrittany@example.net,Mexico,Social Media
136,2024-10-29,dbell@example.net,Chad,Email
137,2024-02-05,timothy16@example.net,Niue,Google Ads
138,2023-12-24,rebeccasalas@example.com,United States Virgin Islands,Referral
139,2023-12-16,williamsrobert@example.com,Peru,Social Media
140,2024-09-03,gzamora@example.org,Holy See (Vatican City State),Social Media
141,2025-10-08,tylergriffin@example.com,Equatorial Guinea,Google Ads
142,2023-12-20,huntervincent@example.net,Wallis and Futuna,Referral
143,2024-09-13,clairesantos@example.net,Botswana,Email
144,2025-01-21,philip60@example.com,Saudi Arabia,Social Media
145,2024-12-19,micheal49@example.net,Netherlands,Referral
146,2024-12-13,ramirezpaul@example.com,Nauru,Social Media
147,2024-01-08,deborah85@example.net,Israel,Google Ads
148,2025-08-29,wendy71@example.com,Faroe Islands,Referral
149,2025-02-22,mcfarlandryan@example.org,Belize,Google Ads
150,2025-10-21,ysmith@example.net,China,Referral
151,2023-12-26,ocarter@example.com,Heard Island and McDonald Islands,Referral
152,2023-12-21,sarah18@example.net,Bhutan,Google Ads
153,2025-01-27,kristinascott@example.com,Georgia,Referral
154,2025-07-02,mpham@example.net,Cape Verde,Email
155,2025-04-23,susan67@example.com,Togo,Social Media
156,2024-07-12,danielsims@example.com,Estonia,Social Media
157,2024-10-06,tammy99@example.com,Sao Tome and Principe,Email
158,2023-12-23,stephensims@example.com,Argentina,Social Media
159,2024-02-18,melissa80@example.com,Haiti,Social Media
160,2025-05-22,gary15@example.org,Lebanon,Social Media
161,2025-11-23,jason94@example.org,Yemen,Referral
162,2024-12-18,wongsara@example.com,El Salvador,Social Media
163,2025-11-03,jamesmorris@example.net,United States Virgin Islands,Social Media
164,2024-10-09,tiffanymoreno@example.org,Armenia,Referral
165,2025-10-17,sharonwilliams@example.org,Albania,Email
166,2024-07-20,james07@example.net,Trinidad and Tobago,Google Ads
167,2024-10-10,caitlinshea@example.org,Albania,Referral
168,2024-04-28,tiffany81@example.net,Jersey,Referral
169,2025-09-20,bryansara@example.org,North Macedonia,Google Ads
170,2025-10-17,bonnie31@example.com,Western Sahara,Referral
171,2024-04-24,christopher86@example.net,Samoa,Referral
172,2024-04-30,lorettadalton@example.com,Palau,Social Media
173,2024-10-22,dscott@example.net,Cambodia,Google Ads
174,2024-02-08,rchase@example.org,Mali,Referral
175,2024-04-12,vaughnallen@example.org,Norway,Social Media
176,2025-02-22,creid@example.org,United States Minor Outlying Islands,Referral
177,2025-03-15,erica15@example.org,Martinique,Referral
178,2025-10-19,amber65@example.com,Antarctica (the territory South of 60 deg S),Social Media
179,2025-06-24,thomashowell@example.org,Kazakhstan,Google Ads
180,2025-02-06,agillespie@example.org,Korea,Social Media
181,2025-08-19,xwright@example.org,American Samoa,Email
182,2025-11-28,foleybarry@example.net,Isle of Man,Email
183,2025-05-30,angela48@example.org,Norway,Email
184,2025-09-01,aguirrekatherine@example.org,Kazakhstan,Email
185,2025-10-11,fford@example.org,Jersey,Referral
186,2025-07-06,brian91@example.com,Haiti,Google Ads
187,2024-06-22,evelynmann@example.net,United Kingdom,Referral
188,2024-08-22,thudson@example.net,Jamaica,Email
189,2024-01-22,newmanphilip@example.net,Malaysia,Email
190,2024-11-11,cruzmatthew@example.org,Pitcairn Islands,Google Ads
191,2023-12-25,fpham@example.com,Sierra Leone,Social Media
192,2025-09-28,allenmark@example.org,Puerto Rico,Referral
193,2023-12-28,thompsonjill@example.org,Azerbaijan,Referral
194,2024-01-27,qhowe@example.com,Cook Islands,Social Media
195,2024-02-01,steeledennis@example.com,Tunisia,Social Media
196,2025-03-09,kathleenperez@example.com,Kenya,Referral
197,2024-11-03,stoutbianca@example.org,Micronesia,Google Ads
198,2024-06-26,ewoods@example.net,Bulgaria,Social Media
199,2025-04-18,qjensen@example.com,Malta,Google Ads
200,2025-10-23,fsmith@example.com,Kyrgyz Republic,Email
201,2025-07-28,tonyakane@example.org,Algeria,Email
202,2024-02-01,galexander@example.com,Philippines,Email
203,2025-08-04,clinton98@example.org,Mayotte,Referral
204,2025-08-07,qjones@example.net,Swaziland,Email
205,2024-06-03,boydlinda@example.com,Hong Kong,Email
206,2025-02-23,ulopez@example.com,Cayman Islands,Email
207,2024-09-27,jonathan54@example.org,Heard Island and McDonald Islands,Social Media
208,2024-03-04,ralph00@example.net,Bahrain,Social Media
209,2025-10-28,alvarezmonica@example.net,Antarctica (the territory South of 60 deg S),Referral
210,2024-11-20,aaronwilliams@example.org,Heard Island and McDonald Islands,Social Media
211,2025-06-09,hwalker@example.net,French Guiana,Referral
212,2025-06-26,williamswalter@example.org,Netherlands Antilles,Social Media
213,2025-02-24,harrisongary@example.com,Jamaica,Referral
214,2023-12-11,davisashley@example.org,Japan,Email
215,2025-09-16,dvelez@example.net,Cayman Islands,Google Ads
216,2025-08-03,david12@example.com,Monaco,Google Ads
217,2024-04-18,yvonne34@example.com,Latvia,Referral
218,2024-07-26,gavin50@example.net,Sweden,Email
219,2024-09-23,timothycase@example.com,Aruba,Google Ads
220,2024-03-12,kpeck@example.com,Jersey,Referral
221,2024-03-09,bethany77@example.com,Algeria,Google Ads
222,2024-06-29,aprilcarpenter@example.com,Aruba,Social Media
223,2024-08-08,wadetravis@example.org,Morocco,Email
224,2024-02-19,pgray@example.org,Monaco,Referral
225,2024-03-06,elizabeth14@example.net,Reunion,Google Ads
226,2024-07-04,jeremy24@example.net,Vietnam,Email
227,2025-04-25,christina17@example.net,Spain,Referral
228,2023-12-06,elizabethbrown@example.org,Pakistan,Email
229,2025-02-13,plin@example.net,Uzbekistan,Referral
230,2024-01-04,george91@example.org,Swaziland,Email
231,2024-12-03,belllawrence@example.org,Saint Barthelemy,Referral
232,2025-01-11,kknight@example.org,Turkey,Google Ads
233,2025-09-12,jheath@example.net,Wallis and Futuna,Google Ads
234,2025-01-03,limichael@example.org,Romania,Email
235,2024-07-04,cunninghameileen@example.com,Liechtenstein,Email
236,2024-09-19,matthewvance@example.org,Kazakhstan,Google Ads
237,2024-03-23,hardyclaudia@example.com,Isle of Man,Email
238,2024-04-26,karen57@example.org,Canada,Google Ads
239,2024-08-15,swansonkatherine@example.net,Saint Pierre and Miquelon,Social Media
240,2023-12-13,wgreen@example.net,Sierra Leone,Social Media
241,2025-10-02,jamesrodriguez@example.net,Botswana,Social Media
242,2024-02-07,danielwilliams@example.com,Venezuela,Google Ads
243,2024-08-02,charles44@example.org,Haiti,Social Media
244,2025-10-02,weavermatthew@example.com,Hungary,Social Media
245,2024-03-29,jasmine91@example.com,Mauritania,Referral
246,2024-11-28,cjohnson@example.net,Saint Martin,Referral
247,2024-09-15,donald74@example.com,Yemen,Referral
248,2024-07-27,wrojas@example.net,Reunion,Email
249,2025-01-29,crystal21@example.com,Canada,Referral
250,2024-04-28,yvettehale@example.net,Fiji,Google Ads
251,2024-08-20,lawrencechristopher@example.com,Malaysia,Email
252,2025-03-18,holly85@example.net,Paraguay,Social Media
253,2024-07-04,thunt@example.net,Spain,Email
254,2024-03-16,tiffany87@example.org,Liberia,Referral
255,2025-09-29,jason59@example.net,Egypt,Referral
256,2024-01-07,melissa62@example.com,French Southern Territories,Social Media
257,2024-02-19,hendersontracy@example.com,Grenada,Referral
258,2024-04-23,whiteluis@example.net,Anguilla,Social Media
259,2025-05-24,stevenwillis@example.com,Uzbekistan,Google Ads
260,2024-08-11,kimberlycervantes@example.com,Switzerland,Google Ads
261,2024-11-27,john11@example.net,Panama,Referral
262,2024-09-04,egarza@example.net,Croatia,Social Media
263,2024-04-04,daniel32@example.net,Niger,Email
264,2024-04-05,kpitts@example.com,Trinidad and Tobago,Email
265,2025-07-16,jeffreyturner@example.net,British Virgin Islands,Email
266,2024-10-05,jenkinsjacob@example.org,Mauritius,Email
267,2023-12-24,kristenhumphrey@example.com,Central African Republic,Social Media
268,2024-06-24,cabreramaria@example.net,Pitcairn Islands,Social Media
269,2025-10-21,zdavid@example.com,Palau,Social Media
270,2025-05-28,bishopjorge@example.com,Oman,Referral
271,2025-04-13,rweaver@example.com,Brunei Darussalam,Google Ads
272,2025-08-16,carrlogan@example.net,Venezuela,Referral
273,2024-01-31,jennifer98@example.com,Bouvet Island (Bouvetoya),Google Ads
274,2024-03-06,marksimpson@example.net,Liberia,Email
275,2025-10-22,byrdbilly@example.com,Guinea-Bissau,Referral
276,2024-07-03,peterwelch@example.org,Antigua and Barbuda,Social Media
277,2023-12-30,ahall@example.com,Montserrat,Email
278,2025-01-29,johnsonmelanie@example.org,Equatorial Guinea,Referral
279,2024-09-01,alexiscooper@example.net,Togo,Google Ads
280,2025-03-04,kellychurch@example.net,Benin,Email
281,2024-03-08,christopher93@example.net,Falkland Islands (Malvinas),Google Ads
282,2024-05-20,dbolton@example.org,Turks and Caicos Islands,Email
283,2024-08-01,ashleycoleman@example.org,Mauritius,Referral
284,2024-09-16,susanhuff@example.com,Cape Verde,Google Ads
285,2024-10-28,nicolebaker@example.net,Jordan,Referral
286,2024-11-29,amandakelly@example.com,Myanmar,Email
287,2024-07-24,craiggonzalez@example.org,Gabon,Google Ads
288,2024-06-17,jeromecastro@example.org,Oman,Social Media
289,2024-07-27,vincentkristina@example.org,Sri Lanka,Referral
290,2025-03-03,daniel91@example.com,Dominica,Email
291,2024-11-24,hernandezanthony@example.net,Cambodia,Email
292,2024-04-13,graveskaren@example.net,Turkey,Google Ads
293,2024-11-13,collin24@example.com,Andorra,Google Ads
294,2024-09-04,smithcharles@example.org,Tonga,Referral
295,2024-01-17,robertbrooks@example.com,Israel,Referral
296,2024-12-03,kimberly20@example.org,Barbados,Google Ads
297,2024-07-31,monicaalvarez@example.net,Kuwait,Social Media
298,2024-09-03,nicole00@example.com,Madagascar,Email
299,2024-01-04,marshsteven@example.com,Denmark,Social Media
300,2023-12-21,manderson@example.net,Swaziland,Referral
301,2025-03-20,nicholas78@example.net,Iceland,Google Ads
302,2025-05-22,vadams@example.org,Chad,Social Media
303,2024-05-06,currymonique@example.org,Benin,Google Ads
304,2024-02-23,zsullivan@example.net,Solomon Islands,Email
305,2024-11-05,tiffanyperez@example.com,Belarus,Referral
306,2025-05-17,jensenstephen@example.net,Canada,Referral
307,2025-04-21,laurascott@example.net,Benin,Email
308,2025-07-22,sharon98@example.net,United Arab Emirates,Referral
309,2025-11-10,chad55@example.com,Ireland,Referral
310,2024-09-04,wbell@example.org,Palau,Google Ads
311,2024-12-11,hoffmanlance@example.org,Liberia,Social Media
312,2024-04-11,tinaterry@example.org,Nicaragua,Social Media
313,2025-04-08,derekallen@example.org,Kyrgyz Republic,Referral
314,2024-05-27,raymond50@example.net,Vanuatu,Email
315,2025-06-18,qgibson@example.org,Guinea,Social Media
316,2025-01-02,john07@example.com,Comoros,Referral
317,2025-06-08,anthonykerr@example.net,Puerto Rico,Google Ads
318,2024-02-22,marksimmons@example.com,Turks and Caicos Islands,Email
319,2025-02-20,sandra40@example.org,Liberia,Email
320,2025-07-30,sandramitchell@example.org,Zambia,Referral
321,2024-06-23,phillipsmorgan@example.net,Tokelau,Google Ads
322,2024-11-21,harrywagner@example.com,Mauritius,Referral
323,2024-12-13,derek01@example.net,Argentina,Email
324,2024-03-29,jillwoodard@example.net,French Polynesia,Email
325,2024-03-08,ubooker@example.org,Tunisia,Referral
326,2024-09-13,faith01@example.org,Mexico,Google Ads
327,2024-01-18,brian16@example.com,Micronesia,Google Ads
328,2025-11-04,gentrytimothy@example.org,China,Google Ads
329,2025-10-05,sbecker@example.org,Palestinian Territory,Email
330,2025-10-17,theresa99@example.com,Iraq,Google Ads
331,2024-09-07,ohill@example.com,Botswana,Social Media
332,2024-09-29,fryan@example.net,Sierra Leone,Google Ads
333,2025-01-26,pthompson@example.org,Qatar,Referral
334,2024-01-22,hannahtorres@example.org,Austria,Google Ads
335,2024-10-08,hartmandana@example.com,Falkland Islands (Malvinas),Referral
336,2025-08-29,amandamartin@example.net,Wallis and Futuna,Social Media
337,2025-05-08,matthew53@example.net,Russian Federation,Referral
338,2025-10-09,amygallegos@example.org,Bangladesh,Email
339,2025-11-10,sholloway@example.net,Bahamas,Google Ads
340,2024-02-25,eblankenship@example.net,Fiji,Email
341,2025-05-05,vunderwood@example.org,Russian Federation,Google Ads
342,2024-07-14,vsmith@example.org,Burkina Faso,Google Ads
343,2024-10-06,ericlove@example.com,Italy,Social Media
344,2025-10-12,jfaulkner@example.net,Czech Republic,Referral
345,2025-11-07,mvasquez@example.net,Peru,Email
346,2024-08-28,carlos89@example.net,Chile,Referral
347,2024-04-14,andrewwashington@example.com,Nepal,Social Media
348,2024-04-18,riveramichelle@example.org,New Zealand,Social Media
349,2025-04-29,jennifer94@example.com,Chad,Referral
350,2024-07-20,cstevens@example.org,Bangladesh,Referral
351,2025-02-25,galvanjaclyn@example.net,Chad,Email
352,2025-10-02,joy69@example.net,Poland,Google Ads
353,2024-01-16,bethhernandez@example.com,Aruba,Email
354,2024-01-02,reyesrandy@example.com,Ethiopia,Social Media
355,2024-04-18,megansmith@example.org,Anguilla,Google Ads
356,2024-01-19,mmiles@example.org,Korea,Referral
357,2025-09-18,deannagreen@example.org,San Marino,Social Media
358,2025-10-14,xcooper@example.org,Tanzania,Social Media
359,2024-02-10,brianterry@example.net,San Marino,Email
360,2023-12-04,sophia92@example.org,Congo,Social Media
361,2024-02-16,zmitchell@example.net,Panama,Social Media
362,2024-02-18,flynnethan@example.org,Bolivia,Referral
363,2024-10-25,benjamincabrera@example.org,Eritrea,Referral
364,2025-04-19,rushstacy@example.net,Morocco,Google Ads
365,2024-08-27,ygraham@example.com,Reunion,Social Media
366,2025-08-11,johnathanaguilar@example.net,Mayotte,Email
367,2024-02-01,sandrafoster@example.net,Dominican Republic,Referral
368,2024-11-27,tmcdonald@example.org,Cook Islands,Google Ads
369,2025-03-08,hodgesmichael@example.com,Tuvalu,Social Media
370,2025-09-21,courtneyrobinson@example.org,France,Social Media
371,2023-12-28,browningmelissa@example.net,Armenia,Social Media
372,2024-03-14,kennethcantu@example.net,Cayman Islands,Referral
373,2024-11-08,gilmorekristin@example.org,North Macedonia,Email
374,2025-11-22,gerald13@example.com,Kenya,Email
375,2025-10-24,adrian99@example.org,Sao Tome and Principe,Google Ads
376,2025-11-07,lindamalone@example.com,Ecuador,Google Ads
377,2024-05-25,thompsonrachel@example.org,Heard Island and McDonald Islands,Referral
378,2025-03-02,caseysara@example.net,Argentina,Referral
379,2024-09-10,thomasrichmond@example.org,Korea,Google Ads
380,2024-07-27,gibsonraymond@example.org,Lebanon,Email
381,2025-11-23,uwilliamson@example.net,Tajikistan,Email
382,2024-07-14,olivia34@example.org,Armenia,Email
383,2024-03-09,rhicks@example.com,Martinique,Email
384,2025-03-17,michael32@example.org,Saint Martin,Email
385,2024-10-04,mosleykaitlyn@example.net,Burundi,Referral
386,2024-12-01,smithgeorge@example.com,Isle of Man,Google Ads
387,2025-08-23,dereksmith@example.net,Saint Vincent and the Grenadines,Social Media
388,2023-12-31,smithjesse@example.org,French Southern Territories,Referral
389,2024-05-03,jameshernandez@example.org,Canada,Social Media
390,2024-01-31,jaredmaxwell@example.net,Canada,Social Media
391,2025-01-21,melissa52@example.com,Gabon,Google Ads
392,2024-04-20,alfred99@example.com,Romania,Social Media
393,2024-11-03,fwebster@example.net,Ireland,Email
394,2025-06-03,abigaillong@example.org,Mali,Social Media
395,2024-02-01,jesse39@example.net,Vietnam,Referral
396,2025-10-18,lyonsamy@example.org,Sudan,Social Media
397,2024-03-08,barbara44@example.org,Estonia,Social Media
398,2024-01-12,lori75@example.net,Bahamas,Email
399,2025-09-16,tamarawu@example.com,Comoros,Email
400,2025-05-25,vickie35@example.org,Norway,Social Media
401,2025-11-27,uharmon@example.com,Belize,Referral
402,2024-03-14,palmerguy@example.com,Ecuador,Social Media
403,2024-04-30,jamesjohnson@example.com,Uruguay,Social Media
404,2025-08-10,jennifer71@example.com,Niue,Google Ads
405,2024-07-26,beverly62@example.org,South Africa,Google Ads
406,2024-02-02,fflores@example.net,Trinidad and Tobago,Google Ads
407,2024-08-01,elizabeth90@example.org,Israel,Referral
408,2024-11-15,kgood@example.org,Guatemala,Referral
409,2024-08-13,martinedgar@example.net,Tuvalu,Referral
410,2024-07-08,grantderek@example.net,Bosnia and Herzegovina,Referral
411,2025-08-12,ryan01@example.com,United Kingdom,Google Ads
412,2025-07-11,denisemartin@example.com,Pitcairn Islands,Social Media
413,2025-09-13,marksrobert@example.org,Mayotte,Email
414,2024-07-19,kelsey69@example.com,Mayotte,Google Ads
415,2024-05-13,karen72@example.net,New Caledonia,Google Ads
416,2025-02-07,bflores@example.org,Cook Islands,Google Ads
417,2024-01-08,raymondlyons@example.net,Bermuda,Social Media
418,2025-08-18,briana44@example.com,Saint Barthelemy,Google Ads
419,2024-05-03,richardreed@example.org,Lithuania,Referral
420,2024-05-03,juancalderon@example.com,Tajikistan,Email
421,2025-11-16,yestrada@example.com,Saint Vincent and the Grenadines,Social Media
422,2025-08-20,joshuaanthony@example.org,Guam,Referral
423,2024-05-15,rogerskaren@example.net,Burundi,Referral
424,2024-08-18,cooperdavid@example.net,Palau,Social Media
425,2025-05-06,umartinez@example.net,Palau,Google Ads
426,2025-05-29,lperry@example.org,Kenya,Referral
427,2024-11-11,yorr@example.net,Korea,Email
428,2025-03-18,kerry51@example.net,Congo,Referral
429,2024-07-01,ycraig@example.net,Switzerland,Social Media
430,2024-08-16,andrea86@example.com,Ecuador,Google Ads
431,2025-10-06,munozkelly@example.net,Somalia,Google Ads
432,2024-06-03,mjones@example.com,Sweden,Email
433,2025-11-19,woodryan@example.org,Mozambique,Google Ads
434,2023-12-20,deanwilliams@example.com,Equatorial Guinea,Email
435,2025-02-03,xgonzales@example.org,Seychelles,Referral
436,2025-06-14,jonesjason@example.com,Luxembourg,Referral
437,2024-10-14,adamsrobin@example.net,French Polynesia,Google Ads
438,2024-08-05,ulittle@example.net,Northern Mariana Islands,Email
439,2024-01-30,galvannathan@example.com,Romania,Referral
440,2023-12-01,dianeblair@example.org,Albania,Google Ads
441,2024-04-12,patriciasantiago@example.com,Antarctica (the territory South of 60 deg S),Referral
442,2024-08-18,elliottbrad@example.com,Uganda,Social Media
443,2024-12-11,ramirezryan@example.org,British Indian Ocean Territory (Chagos Archipelago),Email
444,2024-05-21,johnsonjessica@example.net,Norway,Google Ads
445,2024-05-20,christophermora@example.org,Hungary,Referral
446,2025-03-08,xduncan@example.com,Cape Verde,Google Ads
447,2024-11-05,martinezjohn@example.net,Kyrgyz Republic,Referral
448,2024-07-12,christopher35@example.com,South Africa,Referral
449,2024-06-06,ywatts@example.net,South Georgia and the South Sandwich Islands,Email
450,2025-06-07,meaganmoore@example.org,Iraq,Referral
451,2024-10-23,iwilliams@example.net,Georgia,Social Media
452,2024-01-26,pfischer@example.net,Czech Republic,Social Media
453,2025-11-17,hendrickscarla@example.net,Iraq,Referral
454,2024-12-16,michellebradley@example.org,Taiwan,Social Media
455,2025-06-27,david75@example.com,Saint Kitts and Nevis,Google Ads
456,2025-06-07,christian18@example.org,Tajikistan,Google Ads
457,2025-06-11,darren12@example.org,Saudi Arabia,Referral
458,2024-07-16,robinsonjohnny@example.org,Guernsey,Google Ads
459,2024-12-12,ashleyking@example.net,Martinique,Google Ads
460,2025-05-25,vbailey@example.org,Guadeloupe,Referral
461,2024-08-27,katrinajackson@example.com,Mayotte,Social Media
462,2024-08-30,manningian@example.net,Heard Island and McDonald Islands,Email
463,2024-01-22,steven51@example.com,Cote d'Ivoire,Email
464,2025-11-28,jasonrandall@example.org,Bermuda,Social Media
465,2024-03-21,simonbriana@example.net,Lebanon,Social Media
466,2025-06-16,scottvictoria@example.net,Timor-Leste,Email
467,2025-04-13,stephaniebishop@example.org,Mexico,Email
468,2024-04-17,rachelmiller@example.com,Italy,Social Media
469,2025-04-19,lisabrown@example.com,Israel,Referral
470,2025-09-30,kproctor@example.com,North Macedonia,Social Media
471,2024-07-01,wyattbailey@example.org,Qatar,Social Media
472,2025-07-05,jose10@example.net,Timor-Leste,Referral
473,2024-09-10,jennifermitchell@example.com,Venezuela,Email
474,2025-03-31,ujones@example.net,Zimbabwe,Referral
475,2025-03-18,lindsaystokes@example.org,Finland,Social Media
476,2024-02-15,sellershoward@example.net,Costa Rica,Email
477,2024-09-18,mli@example.net,Saint Kitts and Nevis,Google Ads
478,2024-11-03,stephanie80@example.net,Poland,Google Ads
479,2024-08-25,elizabeth93@example.com,Brazil,Referral
480,2025-07-26,juliabanks@example.net,Equatorial Guinea,Email
481,2024-10-18,matthewjones@example.net,Zimbabwe,Email
482,2025-08-06,hrice@example.com,Anguilla,Google Ads
483,2025-07-11,jessicagreen@example.com,Liechtenstein,Social Media
484,2025-04-19,michaelhart@example.com,United Arab Emirates,Google Ads
485,2024-01-02,faulknerpatrick@example.net,Tanzania,Referral
486,2024-10-08,philip54@example.org,Yemen,Referral
487,2025-05-28,imedina@example.org,Kuwait,Email
488,2025-04-24,robertmurphy@example.net,Eritrea,Email
489,2024-04-24,angela44@example.net,Faroe Islands,Social Media
490,2025-03-15,longdavid@example.org,Saudi Arabia,Email
491,2025-10-01,kevin25@example.org,United Kingdom,Referral
492,2024-07-19,cartermartha@example.com,Reunion,Email
493,2025-08-20,natashawilliams@example.net,Papua New Guinea,Email
494,2024-02-21,joseanderson@example.org,Denmark,Social Media
495,2024-11-15,moorekevin@example.net,Nigeria,Google Ads
496,2025-05-06,timothy26@example.net,Palau,Social Media
497,2024-08-06,willisdaniel@example.net,Estonia,Referral
498,2024-11-10,michaelortiz@example.com,Saint Vincent and the Grenadines,Email
499,2024-06-06,jmartinez@example.net,Chad,Social Media
500,2024-07-27,lthomas@example.com,Papua New Guinea,Social Media
